Post_ID,User,Content_Length,Likes,Retweets
1,User_1,91,9261,1679
2,User_2,176,4183,687
3,User_3,259,1329,2442
4,User_4,142,6787,1773
5,User_5,245,9344,4802
6,User_6,181,8957,3444
7,User_7,44,5820,1154
8,User_8,181,6863,4198
9,User_9,162,4773,3381
10,User_10,270,557,4925
11,User_11,151,9810,3003
12,User_12,79,7811,1746
13,User_13,148,7609,4939
14,User_14,157,8992,1940
15,User_15,232,3017,1396
16,User_16,40,8943,1127
17,User_17,267,609,2268
18,User_18,277,1942,3761
19,User_19,236,239,2743
20,User_20,84,905,2148
21,User_21,86,426,2613
22,User_22,184,7671,4593
23,User_23,21,6853,1939
24,User_24,65,4172,3590
25,User_25,269,3304,796
26,User_26,158,4761,3712
27,User_27,224,9737,3035
28,User_28,165,9347,3505
29,User_29,36,9145,1600
30,User_30,163,1965,3235
31,User_31,59,3486,2365
32,User_32,263,8383,4675
33,User_33,228,5125,1053
34,User_34,119,3127,224
35,User_35,133,6564,496
36,User_36,225,2355,4922
37,User_37,274,625,3756
38,User_38,55,9218,4185
39,User_39,201,1297,2109
40,User_40,152,9588,1268
41,User_41,91,3110,1468
42,User_42,178,2194,3484
43,User_43,63,7228,1568
44,User_44,54,7889,1721
45,User_45,56,231,1190
46,User_46,27,6561,3529
47,User_47,226,4779,933
48,User_48,172,6681,1826
49,User_49,29,7076,3471
50,User_50,150,7412,2219
51,User_51,241,9445,3762
52,User_52,20,8132,4603
53,User_53,34,5073,2684
54,User_54,79,647,1189
55,User_55,131,9995,1423
56,User_56,62,3925,1470
57,User_57,219,8134,923
58,User_58,63,1378,973
59,User_59,28,6784,1277
60,User_60,160,5675,762
61,User_61,41,6900,4183
62,User_62,270,1330,3484
63,User_63,177,822,2717
64,User_64,111,6712,4430
65,User_65,125,5294,4154
66,User_66,168,1329,1066
67,User_67,84,2765,187
68,User_68,123,7836,3860
69,User_69,241,8026,1993
70,User_70,43,3607,4104
71,User_71,90,7396,1829
72,User_72,193,5039,4098
73,User_73,214,9452,3780
74,User_74,157,3888,4428
75,User_75,222,8886,4199
76,User_76,230,83,1045
77,User_77,37,6809,638
78,User_78,121,1495,3728
79,User_79,198,8462,2247
80,User_80,33,4528,2715
81,User_81,51,2798,3966
82,User_82,208,2082,3470
83,User_83,107,1882,3481
84,User_84,250,2135,2388
85,User_85,171,4170,1682
86,User_86,182,4601,2523
87,User_87,55,7563,1205
88,User_88,279,6859,2991
89,User_89,159,6621,2139
90,User_90,86,7314,3364
91,User_91,27,1540,2169
92,User_92,244,4965,3832
93,User_93,57,2526,322
94,User_94,48,9560,329
95,User_95,48,8891,1986
96,User_96,106,271,1701
97,User_97,158,7036,3036
98,User_98,32,3879,4298
99,User_99,104,864,766
100,User_100,112,3061,2225
101,User_101,267,6183,2762
102,User_102,274,4935,1165
103,User_103,124,5378,1139
104,User_104,145,9297,864
105,User_105,33,852,332
106,User_106,181,4700,448
107,User_107,278,439,4036
108,User_108,248,5882,1257
109,User_109,108,7405,4299
110,User_110,271,2020,894
111,User_111,168,3549,2095
112,User_112,188,247,4629
113,User_113,194,6614,2168
114,User_114,51,9691,1018
115,User_115,41,1376,4277
116,User_116,186,2183,44
117,User_117,205,7435,4003
118,User_118,132,1376,4103
119,User_119,76,4232,4995
120,User_120,279,4415,3446
121,User_121,277,8621,4389
122,User_122,116,9271,3341
123,User_123,274,3579,4883
124,User_124,64,6987,2910
125,User_125,80,9450,2043
126,User_126,43,7732,1026
127,User_127,260,9030,2465
128,User_128,257,6,1416
129,User_129,27,6284,4629
130,User_130,125,217,2204
131,User_131,198,5770,1662
132,User_132,269,2569,1942
133,User_133,249,7724,4839
134,User_134,135,3568,3033
135,User_135,166,2547,2873
136,User_136,137,4556,4396
137,User_137,188,2037,1332
138,User_138,123,3251,4508
139,User_139,49,4982,1098
140,User_140,215,1736,4629
141,User_141,48,4117,360
142,User_142,146,7233,2924
143,User_143,110,8765,4696
144,User_144,23,8733,2498
145,User_145,148,714,916
146,User_146,29,5882,1599
147,User_147,156,7520,1986
148,User_148,59,8180,3861
149,User_149,68,2170,2848
150,User_150,83,7278,1827
151,User_151,248,7613,3563
152,User_152,227,1749,2760
153,User_153,71,1806,2951
154,User_154,200,1513,3119
155,User_155,90,8069,935
156,User_156,146,2886,3115
157,User_157,273,6152,4260
158,User_158,56,2894,3557
159,User_159,164,2645,2311
160,User_160,206,984,3023
161,User_161,24,8229,2914
162,User_162,81,4082,3062
163,User_163,52,8745,2609
164,User_164,278,8884,3899
165,User_165,91,2183,1990
166,User_166,275,4904,4545
167,User_167,257,687,4978
168,User_168,209,6401,1236
169,User_169,218,3078,2587
170,User_170,114,28,406
171,User_171,249,8439,1774
172,User_172,254,9044,1143
173,User_173,85,5876,1899
174,User_174,169,220,565
175,User_175,21,145,3347
176,User_176,201,1841,288
177,User_177,135,9365,156
178,User_178,244,5552,4894
179,User_179,149,7050,4097
180,User_180,277,8142,889
181,User_181,60,4136,1613
182,User_182,209,9674,4644
183,User_183,275,4094,237
184,User_184,74,743,244
185,User_185,239,247,2767
186,User_186,128,3466,4919
187,User_187,43,6647,2927
188,User_188,203,5667,2414
189,User_189,172,681,4358
190,User_190,106,8086,260
191,User_191,246,1031,4686
192,User_192,260,2609,2873
193,User_193,112,8185,1513
194,User_194,250,4080,76
195,User_195,134,9224,3984
196,User_196,114,8763,49
197,User_197,187,8778,1316
198,User_198,90,6662,1127
199,User_199,169,2552,4190
200,User_200,259,6372,4854
201,User_201,147,7110,67
202,User_202,278,3064,633
203,User_203,122,4812,1965
204,User_204,191,8982,4944
205,User_205,266,2625,4213
206,User_206,85,1839,4860
207,User_207,54,8174,721
208,User_208,63,3935,4059
209,User_209,208,4479,991
210,User_210,220,7455,311
211,User_211,198,7574,3910
212,User_212,87,2380,4535
213,User_213,107,6917,1623
214,User_214,169,2210,3893
215,User_215,24,6736,3748
216,User_216,82,755,3867
217,User_217,279,1847,4951
218,User_218,60,4195,1688
219,User_219,69,995,1626
220,User_220,272,1910,900
221,User_221,235,945,681
222,User_222,172,4509,2044
223,User_223,83,842,1528
224,User_224,249,1510,220
225,User_225,146,2601,1130
226,User_226,128,8415,820
227,User_227,260,8639,2171
228,User_228,193,2942,4527
229,User_229,114,9690,1808
230,User_230,86,964,2105
231,User_231,248,8064,4638
232,User_232,170,5519,1783
233,User_233,58,9189,4227
234,User_234,145,3202,2802
235,User_235,87,1411,54
236,User_236,24,3101,84
237,User_237,212,5269,4845
238,User_238,116,8863,547
239,User_239,237,6380,1088
240,User_240,213,264,3578
241,User_241,200,7834,3476
242,User_242,135,8986,4452
243,User_243,191,3962,1731
244,User_244,200,3776,3209
245,User_245,198,4393,3121
246,User_246,53,3111,644
247,User_247,137,7791,3973
248,User_248,189,5152,1041
249,User_249,61,6069,1743
250,User_250,66,748,4633
251,User_251,232,6253,2418
252,User_252,168,7031,3459
253,User_253,231,5181,4082
254,User_254,272,3182,4415
255,User_255,270,4559,3192
256,User_256,103,3085,1886
257,User_257,210,3153,2561
258,User_258,146,3368,1368
259,User_259,222,7090,4105
260,User_260,31,7818,4694
261,User_261,150,7037,1621
262,User_262,209,4914,225
263,User_263,80,5279,3757
264,User_264,164,3486,2271
265,User_265,97,8610,2363
266,User_266,179,2949,4161
267,User_267,145,7726,2081
268,User_268,130,9648,1847
269,User_269,231,7130,237
270,User_270,225,5443,2322
271,User_271,234,7403,3887
272,User_272,248,6060,4332
273,User_273,142,9011,2180
274,User_274,80,8932,3183
275,User_275,215,8412,2885
276,User_276,196,2845,734
277,User_277,165,3067,4178
278,User_278,34,9842,2669
279,User_279,159,3139,2266
280,User_280,125,2689,2661
281,User_281,108,7908,1383
282,User_282,89,4775,3496
283,User_283,58,3999,4570
284,User_284,47,2692,3413
285,User_285,120,7651,480
286,User_286,267,5824,3344
287,User_287,267,3351,1296
288,User_288,83,223,2101
289,User_289,56,9295,2464
290,User_290,186,6998,2828
291,User_291,48,69,3967
292,User_292,206,581,3853
293,User_293,240,9035,4648
294,User_294,101,9138,1957
295,User_295,82,7236,4848
296,User_296,88,9967,4458
297,User_297,177,2645,2431
298,User_298,155,1580,4050
299,User_299,178,4460,2917
300,User_300,249,9829,298
301,User_301,241,402,3946
302,User_302,229,1179,2878
303,User_303,93,490,2882
304,User_304,89,3287,2303
305,User_305,204,5155,2615
306,User_306,209,8720,1297
307,User_307,134,2407,4496
308,User_308,30,6701,995
309,User_309,246,2492,3754
310,User_310,69,5390,3239
311,User_311,55,4502,4109
312,User_312,20,1088,70
313,User_313,86,5876,49
314,User_314,158,1006,1129
315,User_315,276,4939,2919
316,User_316,74,5403,2985
317,User_317,242,7485,863
318,User_318,71,7088,152
319,User_319,88,4721,4884
320,User_320,109,4510,919
321,User_321,194,326,2985
322,User_322,114,5068,4046
323,User_323,212,6681,2008
324,User_324,253,9497,379
325,User_325,46,9271,2394
326,User_326,110,1553,4250
327,User_327,201,9580,1815
328,User_328,137,6669,2835
329,User_329,32,6099,2974
330,User_330,142,5774,1167
331,User_331,102,4756,523
332,User_332,247,7005,2567
333,User_333,126,372,227
334,User_334,68,5862,4718
335,User_335,82,5520,1337
336,User_336,51,7266,2886
337,User_337,161,2412,1147
338,User_338,29,3394,852
339,User_339,175,2040,3515
340,User_340,84,5964,2517
341,User_341,80,5038,1488
342,User_342,35,4525,2525
343,User_343,182,9361,4538
344,User_344,252,9630,1457
345,User_345,81,4933,1182
346,User_346,145,5121,2303
347,User_347,179,8000,2841
348,User_348,72,4652,4050
349,User_349,208,844,1538
350,User_350,148,1975,2702
351,User_351,157,2589,1908
352,User_352,272,6196,2154
353,User_353,105,2051,2765
354,User_354,25,4790,4459
355,User_355,53,1260,3434
356,User_356,243,6382,3832
357,User_357,58,7985,181
358,User_358,197,6265,3058
359,User_359,210,1189,926
360,User_360,89,7798,3152
361,User_361,50,2192,3181
362,User_362,33,1535,1386
363,User_363,272,765,1733
364,User_364,102,8130,697
365,User_365,124,1768,1889
366,User_366,205,3217,1489
367,User_367,64,3440,4684
368,User_368,174,527,84
369,User_369,73,6412,962
370,User_370,166,7303,280
371,User_371,272,1171,3980
372,User_372,70,7552,1375
373,User_373,208,6962,1898
374,User_374,110,9941,570
375,User_375,123,8742,743
376,User_376,247,6094,1326
377,User_377,122,5842,2389
378,User_378,251,5140,1193
379,User_379,214,8031,2962
380,User_380,129,3611,2122
381,User_381,147,248,2073
382,User_382,92,5621,3142
383,User_383,152,2142,4737
384,User_384,171,9240,4557
385,User_385,29,4153,80
386,User_386,243,377,1883
387,User_387,58,63,3768
388,User_388,240,5622,59
389,User_389,273,4356,866
390,User_390,109,2598,581
391,User_391,210,8653,4031
392,User_392,146,3417,4908
393,User_393,259,2678,771
394,User_394,226,9971,2720
395,User_395,126,132,4869
396,User_396,259,4594,4110
397,User_397,78,4918,4343
398,User_398,168,6118,4245
399,User_399,65,124,1054
400,User_400,150,5454,3352
401,User_401,261,7426,2755
402,User_402,225,8487,950
403,User_403,98,8683,2689
404,User_404,76,6332,4318
405,User_405,263,661,2103
406,User_406,146,2077,872
407,User_407,92,4823,3672
408,User_408,68,2201,4736
409,User_409,53,4654,1409
410,User_410,90,5922,253
411,User_411,197,6181,4634
412,User_412,110,184,4715
413,User_413,237,3340,1330
414,User_414,138,9614,713
415,User_415,197,8581,4786
416,User_416,30,5648,1818
417,User_417,20,9045,1576
418,User_418,184,9325,2698
419,User_419,247,7218,733
420,User_420,22,2954,3025
421,User_421,219,1313,2828
422,User_422,166,3338,454
423,User_423,200,7182,106
424,User_424,185,8846,4795
425,User_425,59,3679,3818
426,User_426,114,3591,1442
427,User_427,60,8468,1550
428,User_428,37,5903,4727
429,User_429,222,9348,4877
430,User_430,206,6821,2526
431,User_431,36,7404,1853
432,User_432,162,4704,4478
433,User_433,156,4120,1351
434,User_434,272,4613,2132
435,User_435,250,613,3881
436,User_436,214,4027,4112
437,User_437,80,7947,3848
438,User_438,213,3127,143
439,User_439,260,7075,4103
440,User_440,231,3893,264
441,User_441,209,8175,4412
442,User_442,220,4248,415
443,User_443,202,5901,2659
444,User_444,125,4027,1010
445,User_445,77,2669,4090
446,User_446,269,7148,2730
447,User_447,220,2862,1666
448,User_448,86,9907,2387
449,User_449,150,7016,14
450,User_450,82,1560,2564
451,User_451,100,6740,1194
452,User_452,112,6930,1002
453,User_453,32,871,3695
454,User_454,121,8672,4565
455,User_455,92,5413,4954
456,User_456,161,9556,3303
457,User_457,154,1936,4383
458,User_458,33,9490,2103
459,User_459,29,7212,4519
460,User_460,77,1836,1010
461,User_461,190,2332,4469
462,User_462,228,9477,1575
463,User_463,167,241,2370
464,User_464,64,269,4510
465,User_465,214,3119,1027
466,User_466,231,8337,1855
467,User_467,277,5019,461
468,User_468,78,3363,3525
469,User_469,163,7720,4252
470,User_470,105,2236,4513
471,User_471,163,7492,1539
472,User_472,53,3339,1636
473,User_473,109,8095,2690
474,User_474,223,2235,4408
475,User_475,58,1303,3244
476,User_476,39,3354,2211
477,User_477,183,6799,3582
478,User_478,190,8634,3697
479,User_479,248,5060,2189
480,User_480,184,1455,417
481,User_481,167,1505,4982
482,User_482,131,7151,3275
483,User_483,243,9189,2605
484,User_484,82,2019,4794
485,User_485,195,9264,2412
486,User_486,189,5777,3384
487,User_487,231,4202,3397
488,User_488,63,4952,4834
489,User_489,55,9925,1323
490,User_490,263,4711,4013
491,User_491,99,2792,2454
492,User_492,247,5882,3835
493,User_493,99,4106,3200
494,User_494,102,587,1615
495,User_495,229,7262,431
496,User_496,128,5333,2890
497,User_497,59,9577,2394
498,User_498,68,989,1324
499,User_499,87,6299,2819
500,User_500,237,6257,3575
